{
    "providers": [
        {
			"type": "bitmap",
			"file": "minecraft:font/poke_ball.png",
			"chars": [
				"左"
			],
			"ascent": 9,
			"height": 9
        },
		{
			"type": "bitmap",
			"file": "minecraft:font/name.png",
			"chars": [
				"弘"
			],
			"ascent": 9,
			"height": 9
        },
		{
			"type": "bitmap",
			"file": "minecraft:font/money.png",
			"chars": [
				"報"
			],
			"ascent": 9,
			"height": 9
        },
		{
			"type": "bitmap",
			"file": "minecraft:font/cash.png",
			"chars": [
				"翼"
			],
			"ascent": 9,
			"height": 9
        },
		{
			"type": "bitmap",
			"file": "minecraft:font/ja.png",
			"chars": [
				"喝"
			],
			"ascent": 9,
			"height": 9
        },
		{
			"type": "bitmap",
			"file": "minecraft:font/biome.png",
			"chars": [
				"螺"
			],
			"ascent": 9,
			"height": 9
        },
		{
			"type": "bitmap",
			"file": "minecraft:font/people.png",
			"chars": [
				"陽"
			],
			"ascent": 9,
			"height": 9
        },
		{
			"type": "bitmap",
			"file": "minecraft:font/egg.png",
			"chars": [
				"蔘"
			],
			"ascent": 9,
			"height": 9
        },
		{
			"type": "bitmap",
			"file": "minecraft:font/biome.png",
			"chars": [
				"螺"
			],
			"ascent": 9,
			"height": 9
        },
		{
			"type": "bitmap",
			"file": "minecraft:font/gui1.png",
			"chars": [
				"⡸"
			],
			"ascent": 13,
			"height": 256
        },
		{
			"type": "bitmap",
			"file": "minecraft:font/space.png",
			"chars": [
				"⣿"
			],
			"ascent": -32768,
			"height": -32
        },
		{
			"type": "bitmap",
			"file": "minecraft:font/clean.png",
			"chars": [
				"序"
			],
			"ascent": 9,
			"height": 9
        },
		{
			"type": "bitmap",
			"file": "minecraft:font/yasang.png",
			"chars": [
				"冶"
			],
			"ascent": 13,
			"height": 256
        },
		{
			"type": "bitmap",
			"file": "minecraft:font/phone.png",
			"chars": [
				"聲"
			],
			"ascent": 13,
			"height": 256
        },
		{
			"type": "bitmap",
			"file": "minecraft:font/menu.png",
			"chars": [
				"泊"
			],
			"ascent": 13, 
			"height": 256
        },
		{
			"type": "bitmap",
			"file": "minecraft:font/servername.png",
			"chars": [
				"洋"
			],
			"ascent": 20, 
			"height": 36
        },
		{
			"type": "bitmap",
			"file": "minecraft:font/shop.png",
			"chars": [
				"璞"
			],
			"ascent": 13, 
			"height": 256
        },
		{
			"type": "bitmap",
			"file": "minecraft:font/super_ball.png",
			"chars": [
				"架"
			],
			"ascent": 9,
			"height": 9
        }
    ]
}